email,full_name,role,password
st01a01@school.mn,Пүрэвдорж Сод,student,123456
st01a02@school.mn,Гантулга Ухаан,student,123456
st01a03@school.mn,Тэмүүлэн Түмэн,student,123456
st01a04@school.mn,Лхагвадорж Түмэн,student,123456
st01a05@school.mn,Болормаа Бат,student,123456
st01a06@school.mn,Болормаа Алтан,student,123456
st01a07@school.mn,Батцэцэг Дөл,student,123456
st01a08@school.mn,Эрдэнэбат Хүч,student,123456
st01a09@school.mn,Энхжин Амар,student,123456
st01a10@school.mn,Төгөлдөр Тэнгэр,student,123456
st01a11@school.mn,Цэрэннадмид Шинэ,student,123456
st01a12@school.mn,Солонго Дөл,student,123456
st01a13@school.mn,Хулан Түмэн,student,123456
st01a14@school.mn,Хүслэн Мөнгөн,student,123456
st01a15@school.mn,Тэмүүлэн Цолмон,student,123456
st01a16@school.mn,Содном Уянга,student,123456
st01a17@school.mn,Номин Итгэл,student,123456
st01a18@school.mn,Отгонжаргал Хишиг,student,123456
st01a19@school.mn,Солонго Тэмүү,student,123456
st01a20@school.mn,Мөнх-Оргил Мандах,student,123456
st01a21@school.mn,Энх-Амгалан Оюун,student,123456
st01a22@school.mn,Шинэцэцэг Ирээдүй,student,123456
st01a23@school.mn,Амин-Эрдэнэ Тэнгэр,student,123456
st01a24@school.mn,Жаргалсайхан Зориг,student,123456
st01a25@school.mn,Энхбат Жаргал,student,123456
st01b01@school.mn,Цогтгэрэл Хүч,student,123456
st01b02@school.mn,Энхтүвшин Сүх,student,123456
st01b03@school.mn,Хулан Чимэг,student,123456
st01b04@school.mn,Анударь Эрдэнэ,student,123456
st01b05@school.mn,Нандин Оюун,student,123456
st01b06@school.mn,Тунгалаг Хас,student,123456
st01b07@school.mn,Эрдэнэчимэг Шинэ,student,123456
st01b08@school.mn,Нарангэрэл Ухаан,student,123456
st01b09@school.mn,Шинэцэцэг Хөгжил,student,123456
st01b10@school.mn,Уянга Оргил,student,123456
st01b11@school.mn,Идэрбат Очир,student,123456
st01b12@school.mn,Төгөлдөр Уянга,student,123456
st01b13@school.mn,Хүслэн Тэмүү,student,123456
st01b14@school.mn,Анударь Номун,student,123456
st01b15@school.mn,Уянга Хонгор,student,123456
st01b16@school.mn,Ганзориг Хонгор,student,123456
st01b17@school.mn,Оюун-Эрдэнэ Туяа,student,123456
st01b18@school.mn,Дөлгөөн Наран,student,123456
st01b19@school.mn,Одонтуяа Тайван,student,123456
st01b20@school.mn,Батцэцэг Түмэн,student,123456
st01b21@school.mn,Очирбат Саруул,student,123456
st01b22@school.mn,Мишээл Хонгор,student,123456
st01b23@school.mn,Энх-Амгалан Сар,student,123456
st01b24@school.mn,Даваажав Тэмүү,student,123456
st01b25@school.mn,Содном Мөнх,student,123456
st01c01@school.mn,Саруул Түмэн,student,123456
st01c02@school.mn,Отгонбаяр Сүх,student,123456
st01c03@school.mn,Идэрбат Шинэ,student,123456
st01c04@school.mn,Анударь Эрдэм,student,123456
st01c05@school.mn,Отгонбаяр Мөнх,student,123456
st01c06@school.mn,Эрдэнэсайхан Хүч,student,123456
st01c07@school.mn,Энх-Амгалан Төгс,student,123456
st01c08@school.mn,Саруул Тайван,student,123456
st01c09@school.mn,Удвал Уянга,student,123456
st01c10@school.mn,Уянга Амар,student,123456
st01c11@school.mn,Шинэцэцэг Хонгор,student,123456
st01c12@school.mn,Дөлгөөн Ухаан,student,123456
st01c13@school.mn,Саруул Тэмүүлэл,student,123456
st01c14@school.mn,Батзориг Хишиг,student,123456
st01c15@school.mn,Ганчимэг Зам,student,123456
st01c16@school.mn,Амаржаргал Нандин,student,123456
st01c17@school.mn,Пүрэвдорж Ган,student,123456
st01c18@school.mn,Тэнүүн Сар,student,123456
st01c19@school.mn,Анударь Хүч,student,123456
st01c20@school.mn,Жавхлан Тэмүүлэл,student,123456
st01c21@school.mn,Нямдорж Эрдэнэ,student,123456
st01c22@school.mn,Мөнгөнцэцэг Мөнгөн,student,123456
st01c23@school.mn,Болормаа Тэмүү,student,123456
st01c24@school.mn,Идэрбат Тэмүү,student,123456
st01c25@school.mn,Хүслэн Бат,student,123456
st02a01@school.mn,Солонго Ухаан,student,123456
st02a02@school.mn,Шинэцэцэг Итгэл,student,123456
st02a03@school.mn,Жавхлан Баяр,student,123456
st02a04@school.mn,Энхтүвшин Сар,student,123456
st02a05@school.mn,Даваажав Гэрэл,student,123456
st02a06@school.mn,Гэрэлтуяа Тэмүүлэл,student,123456
st02a07@school.mn,Энэрэл Гэрэл,student,123456
st02a08@school.mn,Хүслэн Тайван,student,123456
st02a09@school.mn,Гэрэлтуяа Хишиг,student,123456
st02a10@school.mn,Баярсайхан Амар,student,123456
st02a11@school.mn,Нандин Тэмүү,student,123456
st02a12@school.mn,Анударь Энх,student,123456
st02a13@school.mn,Саруул Мандах,student,123456
st02a14@school.mn,Сарнай Очир,student,123456
st02a15@school.mn,Содном Оргил,student,123456
st02a16@school.mn,Билгүүн Мөнгөн,student,123456
st02a17@school.mn,Болдбаатар Цэцэг,student,123456
st02a18@school.mn,Энхжин Мөнгөн,student,123456
st02a19@school.mn,Нямдорж Мөнгөн,student,123456
st02a20@school.mn,Эрдэнэсайхан Цолмон,student,123456
st02a21@school.mn,Батзориг Дөл,student,123456
st02a22@school.mn,Саруул Хүч,student,123456
st02a23@school.mn,Наранчимэг Гэрэл,student,123456
st02a24@school.mn,Одонтуяа Уянга,student,123456
st02a25@school.mn,Энхжин Очир,student,123456
st02b01@school.mn,Алтансүх Мандах,student,123456
st02b02@school.mn,Сүхбат Уянга,student,123456
st02b03@school.mn,Бат-Эрдэнэ Тайван,student,123456
st02b04@school.mn,Марал Зам,student,123456
st02b05@school.mn,Нарангэрэл Жаргал,student,123456
st02b06@school.mn,Мөнх-Оргил Сар,student,123456
st02b07@school.mn,Баярмаа Наран,student,123456
st02b08@school.mn,Болормаа Ирээдүй,student,123456
st02b09@school.mn,Ганзориг Ухаан,student,123456
st02b10@school.mn,Энхбат Итгэл,student,123456
st02b11@school.mn,Билгүүн Дөл,student,123456
st02b12@school.mn,Төгөлдөр Хас,student,123456
st02b13@school.mn,Жавхлан Гэрэл,student,123456
st02b14@school.mn,Пүрэвдорж Эрдэм,student,123456
st02b15@school.mn,Мөнхзул Цэцэг,student,123456
st02b16@school.mn,Цэрэннадмид Зориг,student,123456
st02b17@school.mn,Марал Болд,student,123456
st02b18@school.mn,Батзориг Хүч,student,123456
st02b19@school.mn,Батцэцэг Хөгжил,student,123456
st02b20@school.mn,Амаржаргал Сүх,student,123456
st02b21@school.mn,Номин Зам,student,123456
st02b22@school.mn,Тэмүүлэн Эрдэм,student,123456
st02b23@school.mn,Энхжин Оргил,student,123456
st02b24@school.mn,Батзориг Хас,student,123456
st02b25@school.mn,Эрдэнэсайхан Ирээдүй,student,123456
st02c01@school.mn,Тэмүүжин Ган,student,123456
st02c02@school.mn,Марал Түмэн,student,123456
st02c03@school.mn,Энхтүвшин Зам,student,123456
st02c04@school.mn,Солонго Очир,student,123456
st02c05@school.mn,Билгүүн Энх,student,123456
st02c06@school.mn,Батцэцэг Амар,student,123456
st02c07@school.mn,Төгөлдөр Сод,student,123456
st02c08@school.mn,Анударь Мөнх,student,123456
st02c09@school.mn,Наранчимэг Эрдэм,student,123456
st02c10@school.mn,Жаргалсайхан Энх,student,123456
st02c11@school.mn,Удвал Ган,student,123456
st02c12@school.mn,Тэмүүлэн Шинэ,student,123456
st02c13@school.mn,Гэрэлтуяа Хөгжил,student,123456
st02c14@school.mn,Солонго Эрдэнэ,student,123456
st02c15@school.mn,Сарнай Туяа,student,123456
st02c16@school.mn,Хүслэн Амар,student,123456
st02c17@school.mn,Жавхлан Тулга,student,123456
st02c18@school.mn,Амаржаргал Эрдэм,student,123456
st02c19@school.mn,Тэмүүжин Дөл,student,123456
st02c20@school.mn,Ганчимэг Энх,student,123456
st02c21@school.mn,Төгөлдөр Саруул,student,123456
st02c22@school.mn,Мишээл Бат,student,123456
st02c23@school.mn,Нарангэрэл Оюун,student,123456
st02c24@school.mn,Тэмүүжин Итгэл,student,123456
st02c25@school.mn,Мөнхзул Тулга,student,123456
st03a01@school.mn,Шинэцэцэг Түмэн,student,123456
st03a02@school.mn,Марал Оюун,student,123456
st03a03@school.mn,Хонгорзул Энх,student,123456
st03a04@school.mn,Бат-Эрдэнэ Номун,student,123456
st03a05@school.mn,Ганзориг Тайван,student,123456
st03a06@school.mn,Болормаа Шинэ,student,123456
st03a07@school.mn,Хишигжаргал Мандах,student,123456
st03a08@school.mn,Энхтүвшин Саруул,student,123456
st03a09@school.mn,Нандин Очир,student,123456
st03a10@school.mn,Марал Мандах,student,123456
st03a11@school.mn,Нандин Мандах,student,123456
st03a12@school.mn,Эрдэнэбат Төгс,student,123456
st03a13@school.mn,Тунгалаг Энх,student,123456
st03a14@school.mn,Мөнх-Оргил Хас,student,123456
st03a15@school.mn,Батзориг Отгон,student,123456
st03a16@school.mn,Одонтуяа Номун,student,123456
st03a17@school.mn,Даваажав Туяа,student,123456
st03a18@school.mn,Шинэцэцэг Шинэ,student,123456
st03a19@school.mn,Мишээл Ухаан,student,123456
st03a20@school.mn,Ганзориг Шинэ,student,123456
st03a21@school.mn,Энхбат Хишиг,student,123456
st03a22@school.mn,Амин-Эрдэнэ Шинэ,student,123456
st03a23@school.mn,Сүхбат Хөгжил,student,123456
st03a24@school.mn,Уянга Сар,student,123456
st03a25@school.mn,Энэрэл Амар,student,123456
st03b01@school.mn,Эрдэнэчимэг Төгс,student,123456
st03b02@school.mn,Хишигжаргал Амар,student,123456
st03b03@school.mn,Отгонжаргал Ган,student,123456
st03b04@school.mn,Бат-Эрдэнэ Сүх,student,123456
st03b05@school.mn,Гэрэлмаа Бат,student,123456
st03b06@school.mn,Нандин Наран,student,123456
st03b07@school.mn,Уянга Гэрэл,student,123456
st03b08@school.mn,Лхагвадорж Амар,student,123456
st03b09@school.mn,Болдбаатар Амар,student,123456
st03b10@school.mn,Тэмүүлэн Нандин,student,123456
st03b11@school.mn,Содном Хас,student,123456
st03b12@school.mn,Эрдэнэчимэг Хонгор,student,123456
st03b13@school.mn,Дөлгөөн Тэнгэр,student,123456
st03b14@school.mn,Мөнхзул Амар,student,123456
st03b15@school.mn,Энх-Амгалан Цэцэг,student,123456
st03b16@school.mn,Батцэцэг Жаргал,student,123456
st03b17@school.mn,Нямдорж Тулга,student,123456
st03b18@school.mn,Гэрэлмаа Сар,student,123456
st03b19@school.mn,Солонго Хүч,student,123456
st03b20@school.mn,Гантулга Отгон,student,123456
st03b21@school.mn,Тэнүүн Бат,student,123456
st03b22@school.mn,Одонтуяа Зам,student,123456
st03b23@school.mn,Хишигжаргал Мөнгөн,student,123456
st03b24@school.mn,Түмэнжаргал Сар,student,123456
st03b25@school.mn,Жаргалсайхан Саруул,student,123456
st03c01@school.mn,Мөнхзул Хүч,student,123456
st03c02@school.mn,Тэнүүн Саруул,student,123456
st03c03@school.mn,Хулан Очир,student,123456
st03c04@school.mn,Хулан Алтан,student,123456
st03c05@school.mn,Билгүүн Мандах,student,123456
st03c06@school.mn,Билгүүн Ирээдүй,student,123456
st03c07@school.mn,Солонго Сүх,student,123456
st03c08@school.mn,Уянга Ухаан,student,123456
st03c09@school.mn,Энэрэл Оргил,student,123456
st03c10@school.mn,Даваажав Тайван,student,123456
st03c11@school.mn,Марал Оргил,student,123456
st03c12@school.mn,Анударь Сар,student,123456
st03c13@school.mn,Амин-Эрдэнэ Хишиг,student,123456
st03c14@school.mn,Алтансүх Сүх,student,123456
st03c15@school.mn,Жавхлан Зам,student,123456
st03c16@school.mn,Алтансүх Бат,student,123456
st03c17@school.mn,Саруул Тулга,student,123456
st03c18@school.mn,Энхжин Эрдэм,student,123456
st03c19@school.mn,Нандин Эрдэнэ,student,123456
st03c20@school.mn,Одонтуяа Хишиг,student,123456
st03c21@school.mn,Нямдорж Гэрэл,student,123456
st03c22@school.mn,Очирбат Номун,student,123456
st03c23@school.mn,Номин Сүх,student,123456
st03c24@school.mn,Мөнх-Оргил Хонгор,student,123456
st03c25@school.mn,Тэнүүн Ухаан,student,123456
st04a01@school.mn,Дөлгөөн Алтан,student,123456
st04a02@school.mn,Гэрэлмаа Алтан,student,123456
st04a03@school.mn,Гантулга Бат,student,123456
st04a04@school.mn,Сүхбат Сод,student,123456
st04a05@school.mn,Жаргалсайхан Хишиг,student,123456
st04a06@school.mn,Очирбат Хөгжил,student,123456
st04a07@school.mn,Гантулга Амар,student,123456
st04a08@school.mn,Гэрэлтуяа Мөнх,student,123456
st04a09@school.mn,Гэрэлмаа Жаргал,student,123456
st04a10@school.mn,Саруул Сар,student,123456
st04a11@school.mn,Алтансүх Наран,student,123456
st04a12@school.mn,Мишээл Тэнгэр,student,123456
st04a13@school.mn,Нандин Бат,student,123456
st04a14@school.mn,Тунгалаг Тэнгэр,student,123456
st04a15@school.mn,Лхагвадорж Сод,student,123456
st04a16@school.mn,Батзориг Мандах,student,123456
st04a17@school.mn,Хонгорзул Мөнгөн,student,123456
st04a18@school.mn,Марал Илч,student,123456
st04a19@school.mn,Идэрбат Зориг,student,123456
st04a20@school.mn,Нарангэрэл Наран,student,123456
st04a21@school.mn,Уянга Алтан,student,123456
st04a22@school.mn,Баярсайхан Жаргал,student,123456
st04a23@school.mn,Наранчимэг Цэцэг,student,123456
st04a24@school.mn,Анударь Тулга,student,123456
st04a25@school.mn,Гэрэлтуяа Чимэг,student,123456
st04b01@school.mn,Энхбат Мандах,student,123456
st04b02@school.mn,Очирбат Зам,student,123456
st04b03@school.mn,Хүслэн Мандах,student,123456
st04b04@school.mn,Мөнх-Оргил Тэмүүлэл,student,123456
st04b05@school.mn,Тэмүүлэн Тайван,student,123456
st04b06@school.mn,Наранчимэг Оюун,student,123456
st04b07@school.mn,Одонтуяа Эрдэм,student,123456
st04b08@school.mn,Эрдэнэсайхан Мөнх,student,123456
st04b09@school.mn,Ганзориг Саруул,student,123456
st04b10@school.mn,Солонго Туяа,student,123456
st04b11@school.mn,Мишээл Итгэл,student,123456
st04b12@school.mn,Энхбат Тулга,student,123456
st04b13@school.mn,Болормаа Очир,student,123456
st04b14@school.mn,Идэрбат Оргил,student,123456
st04b15@school.mn,Болормаа Туяа,student,123456
st04b16@school.mn,Саруул Хөгжил,student,123456
st04b17@school.mn,Лхагвадорж Сүх,student,123456
st04b18@school.mn,Солонго Сод,student,123456
st04b19@school.mn,Нарангэрэл Баяр,student,123456
st04b20@school.mn,Отгонбаяр Шинэ,student,123456
st04b21@school.mn,Ганчимэг Оюун,student,123456
st04b22@school.mn,Гантулга Чимэг,student,123456
st04b23@school.mn,Болдбаатар Очир,student,123456
st04b24@school.mn,Золбоо Чимэг,student,123456
st04b25@school.mn,Тэмүүжин Чимэг,student,123456
st04c01@school.mn,Жавхлан Сүх,student,123456
st04c02@school.mn,Мөнгөнцэцэг Хөгжил,student,123456
st04c03@school.mn,Тунгалаг Наран,student,123456
st04c04@school.mn,Түмэнжаргал Төгс,student,123456
st04c05@school.mn,Тэнүүн Жаргал,student,123456
st04c06@school.mn,Энхбат Амар,student,123456
st04c07@school.mn,Эрдэнэсайхан Чимэг,student,123456
st04c08@school.mn,Баярмаа Цэцэг,student,123456
st04c09@school.mn,Номин Хүч,student,123456
st04c10@school.mn,Хонгорзул Алтан,student,123456
st04c11@school.mn,Тэнүүн Нандин,student,123456
st04c12@school.mn,Тэмүүжин Шинэ,student,123456
st04c13@school.mn,Энхбат Наран,student,123456
st04c14@school.mn,Баярмаа Саруул,student,123456
st04c15@school.mn,Шинэцэцэг Дөл,student,123456
st04c16@school.mn,Мишээл Цэцэг,student,123456
st04c17@school.mn,Амаржаргал Оюун,student,123456
st04c18@school.mn,Мишээл Зориг,student,123456
st04c19@school.mn,Болдбаатар Мөнгөн,student,123456
st04c20@school.mn,Баярсайхан Оргил,student,123456
st04c21@school.mn,Эрдэнэбат Хонгор,student,123456
st04c22@school.mn,Тунгалаг Түмэн,student,123456
st04c23@school.mn,Содном Оюун,student,123456
st04c24@school.mn,Эрдэнэчимэг Хас,student,123456
st04c25@school.mn,Даваажав Хас,student,123456
st05a01@school.mn,Тэмүүлэн Сүх,student,123456
st05a02@school.mn,Ганзориг Чимэг,student,123456
st05a03@school.mn,Энхжин Итгэл,student,123456
st05a04@school.mn,Марал Цэцэг,student,123456
st05a05@school.mn,Түмэнжаргал Жаргал,student,123456
st05a06@school.mn,Бат-Эрдэнэ Энх,student,123456
st05a07@school.mn,Марал Уянга,student,123456
st05a08@school.mn,Дөлгөөн Хонгор,student,123456
st05a09@school.mn,Гэрэлмаа Эрдэм,student,123456
st05a10@school.mn,Нарангэрэл Мөнгөн,student,123456
st05a11@school.mn,Эрдэнэбат Нандин,student,123456
st05a12@school.mn,Саруул Цэцэг,student,123456
st05a13@school.mn,Отгонбаяр Хишиг,student,123456
st05a14@school.mn,Баярмаа Амар,student,123456
st05a15@school.mn,Бат-Эрдэнэ Саруул,student,123456
st05a16@school.mn,Цэлмэг Болд,student,123456
st05a17@school.mn,Батцэцэг Зам,student,123456
st05a18@school.mn,Цогтгэрэл Мөнгөн,student,123456
st05a19@school.mn,Даваажав Тулга,student,123456
st05a20@school.mn,Ганчимэг Мандах,student,123456
st05a21@school.mn,Гантулга Сүх,student,123456
st05a22@school.mn,Цэрэннадмид Ухаан,student,123456
st05a23@school.mn,Тэнүүн Тэнгэр,student,123456
st05a24@school.mn,Батзориг Бат,student,123456
st05a25@school.mn,Цогтгэрэл Нандин,student,123456
st05b01@school.mn,Нандин Зориг,student,123456
st05b02@school.mn,Болормаа Амар,student,123456
st05b03@school.mn,Урангоо Зориг,student,123456
st05b04@school.mn,Эрдэнэчимэг Мөнгөн,student,123456
st05b05@school.mn,Золбоо Цэцэг,student,123456
st05b06@school.mn,Шинэцэцэг Ган,student,123456
st05b07@school.mn,Баярмаа Бат,student,123456
st05b08@school.mn,Баярмаа Энх,student,123456
st05b09@school.mn,Болдбаатар Хишиг,student,123456
st05b10@school.mn,Марал Мөнгөн,student,123456
st05b11@school.mn,Сарнай Дөл,student,123456
st05b12@school.mn,Саруул Туяа,student,123456
st05b13@school.mn,Ганчимэг Номун,student,123456
st05b14@school.mn,Солонго Хас,student,123456
st05b15@school.mn,Мөнх-Оргил Шинэ,student,123456
st05b16@school.mn,Мишээл Тэмүү,student,123456
st05b17@school.mn,Энхжин Тулга,student,123456
st05b18@school.mn,Мөнгөнцэцэг Очир,student,123456
st05b19@school.mn,Даваажав Дөл,student,123456
st05b20@school.mn,Батцэцэг Тулга,student,123456
st05b21@school.mn,Эрдэнэсайхан Цэцэг,student,123456
st05b22@school.mn,Отгонжаргал Ирээдүй,student,123456
st05b23@school.mn,Солонго Саруул,student,123456
st05b24@school.mn,Тунгалаг Ухаан,student,123456
st05b25@school.mn,Батзориг Эрдэнэ,student,123456
st05c01@school.mn,Энх-Амгалан Туяа,student,123456
st05c02@school.mn,Мөнх-Оргил Отгон,student,123456
st05c03@school.mn,Мишээл Номун,student,123456
st05c04@school.mn,Ганзориг Нандин,student,123456
st05c05@school.mn,Марал Мөнх,student,123456
st05c06@school.mn,Цэрэннадмид Гэрэл,student,123456
st05c07@school.mn,Цэрэннадмид Хөгжил,student,123456
st05c08@school.mn,Содном Бат,student,123456
st05c09@school.mn,Номин Очир,student,123456
st05c10@school.mn,Цэлмэг Түмэн,student,123456
st05c11@school.mn,Энх-Амгалан Баяр,student,123456
st05c12@school.mn,Солонго Хишиг,student,123456
st05c13@school.mn,Марал Алтан,student,123456
st05c14@school.mn,Содном Цэцэг,student,123456
st05c15@school.mn,Энхтүвшин Чимэг,student,123456
st05c16@school.mn,Удвал Шинэ,student,123456
st05c17@school.mn,Содном Тэнгэр,student,123456
st05c18@school.mn,Баярсайхан Чимэг,student,123456
st05c19@school.mn,Наранчимэг Амар,student,123456
st05c20@school.mn,Эрдэнэчимэг Эрдэм,student,123456
st05c21@school.mn,Гэрэлтуяа Ган,student,123456
st05c22@school.mn,Золбоо Сод,student,123456
st05c23@school.mn,Батзориг Энх,student,123456
st05c24@school.mn,Тэмүүлэн Наран,student,123456
st05c25@school.mn,Цогтгэрэл Сар,student,123456
st06a01@school.mn,Одонтуяа Тэмүү,student,123456
st06a02@school.mn,Жавхлан Эрдэнэ,student,123456
st06a03@school.mn,Цэлмэг Бат,student,123456
st06a04@school.mn,Цэрэннадмид Хүч,student,123456
st06a05@school.mn,Батзориг Сар,student,123456
st06a06@school.mn,Хүслэн Мөнх,student,123456
st06a07@school.mn,Бат-Эрдэнэ Амар,student,123456
st06a08@school.mn,Марал Тулга,student,123456
st06a09@school.mn,Отгонбаяр Алтан,student,123456
st06a10@school.mn,Энх-Амгалан Жаргал,student,123456
st06a11@school.mn,Батзориг Зам,student,123456
st06a12@school.mn,Цэлмэг Уянга,student,123456
st06a13@school.mn,Тэмүүжин Оргил,student,123456
st06a14@school.mn,Одонтуяа Эрдэнэ,student,123456
st06a15@school.mn,Дөлгөөн Тэмүү,student,123456
st06a16@school.mn,Мөнх-Оргил Мөнгөн,student,123456
st06a17@school.mn,Гантулга Болд,student,123456
st06a18@school.mn,Эрдэнэсайхан Илч,student,123456
st06a19@school.mn,Түмэнжаргал Мөнгөн,student,123456
st06a20@school.mn,Хишигжаргал Баяр,student,123456
st06a21@school.mn,Сүхбат Дөл,student,123456
st06a22@school.mn,Уянга Түмэн,student,123456
st06a23@school.mn,Номин Ган,student,123456
st06a24@school.mn,Отгонжаргал Зам,student,123456
st06a25@school.mn,Хишигжаргал Хас,student,123456
st06b01@school.mn,Баярмаа Номун,student,123456
st06b02@school.mn,Энхжин Хөгжил,student,123456
st06b03@school.mn,Түмэнжаргал Түмэн,student,123456
st06b04@school.mn,Энхтүвшин Эрдэм,student,123456
st06b05@school.mn,Алтансүх Тэмүү,student,123456
st06b06@school.mn,Эрдэнэчимэг Алтан,student,123456
st06b07@school.mn,Төгөлдөр Төгс,student,123456
st06b08@school.mn,Нямдорж Илч,student,123456
st06b09@school.mn,Нарангэрэл Хонгор,student,123456
st06b10@school.mn,Сарнай Илч,student,123456
st06b11@school.mn,Эрдэнэчимэг Цэцэг,student,123456
st06b12@school.mn,Дөлгөөн Туяа,student,123456
st06b13@school.mn,Амаржаргал Тэмүү,student,123456
st06b14@school.mn,Наранчимэг Хишиг,student,123456
st06b15@school.mn,Болдбаатар Хас,student,123456
st06b16@school.mn,Отгонжаргал Эрдэм,student,123456
st06b17@school.mn,Гантулга Наран,student,123456
st06b18@school.mn,Уянга Мөнгөн,student,123456
st06b19@school.mn,Дөлгөөн Оюун,student,123456
st06b20@school.mn,Эрдэнэчимэг Нандин,student,123456
st06b21@school.mn,Золбоо Сар,student,123456
st06b22@school.mn,Эрдэнэбат Илч,student,123456
st06b23@school.mn,Цэрэннадмид Чимэг,student,123456
st06b24@school.mn,Нандин Тулга,student,123456
st06b25@school.mn,Эрдэнэчимэг Зам,student,123456
st06c01@school.mn,Хулан Дөл,student,123456
st06c02@school.mn,Амаржаргал Уянга,student,123456
st06c03@school.mn,Билгүүн Туяа,student,123456
st06c04@school.mn,Наранчимэг Мандах,student,123456
st06c05@school.mn,Золбоо Ухаан,student,123456
st06c06@school.mn,Номин Тэнгэр,student,123456
st06c07@school.mn,Саруул Чимэг,student,123456
st06c08@school.mn,Одонтуяа Сод,student,123456
st06c09@school.mn,Жаргалсайхан Мөнх,student,123456
st06c10@school.mn,Гэрэлтуяа Хүч,student,123456
st06c11@school.mn,Энхбат Шинэ,student,123456
st06c12@school.mn,Золбоо Илч,student,123456
st06c13@school.mn,Амин-Эрдэнэ Саруул,student,123456
st06c14@school.mn,Мөнх-Оргил Оргил,student,123456
st06c15@school.mn,Билгүүн Уянга,student,123456
st06c16@school.mn,Эрдэнэчимэг Хүч,student,123456
st06c17@school.mn,Урангоо Эрдэм,student,123456
st06c18@school.mn,Болормаа Уянга,student,123456
st06c19@school.mn,Жавхлан Түмэн,student,123456
st06c20@school.mn,Урангоо Цолмон,student,123456
st06c21@school.mn,Удвал Жаргал,student,123456
st06c22@school.mn,Хүслэн Сар,student,123456
st06c23@school.mn,Түмэнжаргал Хишиг,student,123456
st06c24@school.mn,Очирбат Отгон,student,123456
st06c25@school.mn,Энхжин Чимэг,student,123456
st07a01@school.mn,Цогтгэрэл Эрдэм,student,123456
st07a02@school.mn,Цэлмэг Зам,student,123456
st07a03@school.mn,Хулан Бат,student,123456
st07a04@school.mn,Хишигжаргал Оргил,student,123456
st07a05@school.mn,Отгонжаргал Тэмүүлэл,student,123456
st07a06@school.mn,Батзориг Алтан,student,123456
st07a07@school.mn,Цэлмэг Шинэ,student,123456
st07a08@school.mn,Оюун-Эрдэнэ Илч,student,123456
st07a09@school.mn,Амаржаргал Төгс,student,123456
st07a10@school.mn,Цогтгэрэл Номун,student,123456
st07a11@school.mn,Билгүүн Тэмүүлэл,student,123456
st07a12@school.mn,Сүхбат Тэмүү,student,123456
st07a13@school.mn,Болормаа Сүх,student,123456
st07a14@school.mn,Дөлгөөн Ган,student,123456
st07a15@school.mn,Тэмүүжин Отгон,student,123456
st07a16@school.mn,Эрдэнэсайхан Гэрэл,student,123456
st07a17@school.mn,Уянга Наран,student,123456
st07a18@school.mn,Мишээл Тулга,student,123456
st07a19@school.mn,Нямдорж Ирээдүй,student,123456
st07a20@school.mn,Мөнх-Оргил Туяа,student,123456
st07a21@school.mn,Очирбат Тэмүүлэл,student,123456
st07a22@school.mn,Удвал Хас,student,123456
st07a23@school.mn,Мөнх-Оргил Бат,student,123456
st07a24@school.mn,Хүслэн Хас,student,123456
st07a25@school.mn,Нарангэрэл Отгон,student,123456
st07b01@school.mn,Тэнүүн Хүч,student,123456
st07b02@school.mn,Эрдэнэсайхан Жаргал,student,123456
st07b03@school.mn,Болормаа Тулга,student,123456
st07b04@school.mn,Ганчимэг Зориг,student,123456
st07b05@school.mn,Анударь Алтан,student,123456
st07b06@school.mn,Анударь Баяр,student,123456
st07b07@school.mn,Отгонжаргал Очир,student,123456
st07b08@school.mn,Нарангэрэл Уянга,student,123456
st07b09@school.mn,Шинэцэцэг Сүх,student,123456
st07b10@school.mn,Нямдорж Энх,student,123456
st07b11@school.mn,Лхагвадорж Цолмон,student,123456
st07b12@school.mn,Удвал Амар,student,123456
st07b13@school.mn,Оюун-Эрдэнэ Сүх,student,123456
st07b14@school.mn,Шинэцэцэг Бат,student,123456
st07b15@school.mn,Тунгалаг Уянга,student,123456
st07b16@school.mn,Нямдорж Хөгжил,student,123456
st07b17@school.mn,Баярсайхан Тэмүүлэл,student,123456
st07b18@school.mn,Номин Уянга,student,123456
st07b19@school.mn,Гэрэлмаа Зориг,student,123456
st07b20@school.mn,Билгүүн Ган,student,123456
st07b21@school.mn,Эрдэнэчимэг Амар,student,123456
st07b22@school.mn,Удвал Саруул,student,123456
st07b23@school.mn,Тэмүүжин Ирээдүй,student,123456
st07b24@school.mn,Мөнхзул Тэмүү,student,123456
st07b25@school.mn,Содном Номун,student,123456
st07c01@school.mn,Цэлмэг Туяа,student,123456
st07c02@school.mn,Нандин Ирээдүй,student,123456
st07c03@school.mn,Дөлгөөн Төгс,student,123456
st07c04@school.mn,Нандин Оргил,student,123456
st07c05@school.mn,Мөнхзул Очир,student,123456
st07c06@school.mn,Баярмаа Тэнгэр,student,123456
st07c07@school.mn,Сүхбат Зам,student,123456
st07c08@school.mn,Болормаа Мандах,student,123456
st07c09@school.mn,Мөнгөнцэцэг Уянга,student,123456
st07c10@school.mn,Цогтгэрэл Цэцэг,student,123456
st07c11@school.mn,Энэрэл Ирээдүй,student,123456
st07c12@school.mn,Амин-Эрдэнэ Тэмүүлэл,student,123456
st07c13@school.mn,Нарангэрэл Сүх,student,123456
st07c14@school.mn,Анударь Наран,student,123456
st07c15@school.mn,Болдбаатар Тэмүү,student,123456
st07c16@school.mn,Тэнүүн Шинэ,student,123456
st07c17@school.mn,Сарнай Зориг,student,123456
st07c18@school.mn,Гантулга Жаргал,student,123456
st07c19@school.mn,Мөнх-Оргил Зам,student,123456
st07c20@school.mn,Жавхлан Хишиг,student,123456
st07c21@school.mn,Цогтгэрэл Ган,student,123456
st07c22@school.mn,Очирбат Алтан,student,123456
st07c23@school.mn,Саруул Сүх,student,123456
st07c24@school.mn,Болормаа Тэнгэр,student,123456
st07c25@school.mn,Цэрэннадмид Ган,student,123456
st08a01@school.mn,Шинэцэцэг Тайван,student,123456
st08a02@school.mn,Баярмаа Оргил,student,123456
st08a03@school.mn,Хүслэн Саруул,student,123456
st08a04@school.mn,Золбоо Эрдэнэ,student,123456
st08a05@school.mn,Саруул Ирээдүй,student,123456
st08a06@school.mn,Цэрэннадмид Тэмүүлэл,student,123456
st08a07@school.mn,Удвал Дөл,student,123456
st08a08@school.mn,Болормаа Сар,student,123456
st08a09@school.mn,Баярсайхан Дөл,student,123456
st08a10@school.mn,Төгөлдөр Тэмүү,student,123456
st08a11@school.mn,Цогтгэрэл Илч,student,123456
st08a12@school.mn,Эрдэнэбат Зам,student,123456
st08a13@school.mn,Хулан Итгэл,student,123456
st08a14@school.mn,Урангоо Жаргал,student,123456
st08a15@school.mn,Мөнхзул Жаргал,student,123456
st08a16@school.mn,Энх-Амгалан Бат,student,123456
st08a17@school.mn,Энх-Амгалан Тэнгэр,student,123456
st08a18@school.mn,Болормаа Саруул,student,123456
st08a19@school.mn,Түмэнжаргал Баяр,student,123456
st08a20@school.mn,Жаргалсайхан Цэцэг,student,123456
st08a21@school.mn,Баярсайхан Бат,student,123456
st08a22@school.mn,Энхбат Мөнх,student,123456
st08a23@school.mn,Анударь Сод,student,123456
st08a24@school.mn,Идэрбат Хишиг,student,123456
st08a25@school.mn,Алтансүх Баяр,student,123456
st08b01@school.mn,Сарнай Зам,student,123456
st08b02@school.mn,Пүрэвдорж Отгон,student,123456
st08b03@school.mn,Сүхбат Тулга,student,123456
st08b04@school.mn,Болдбаатар Мандах,student,123456
st08b05@school.mn,Билгүүн Тулга,student,123456
st08b06@school.mn,Нандин Хишиг,student,123456
st08b07@school.mn,Отгонжаргал Баяр,student,123456
st08b08@school.mn,Очирбат Хонгор,student,123456
st08b09@school.mn,Алтансүх Номун,student,123456
st08b10@school.mn,Хулан Хөгжил,student,123456
st08b11@school.mn,Нарангэрэл Түмэн,student,123456
st08b12@school.mn,Уянга Номун,student,123456
st08b13@school.mn,Отгонбаяр Энх,student,123456
st08b14@school.mn,Уянга Жаргал,student,123456
st08b15@school.mn,Энхжин Ухаан,student,123456
st08b16@school.mn,Амин-Эрдэнэ Илч,student,123456
st08b17@school.mn,Амаржаргал Түмэн,student,123456
st08b18@school.mn,Гэрэлтуяа Энх,student,123456
st08b19@school.mn,Сарнай Ирээдүй,student,123456
st08b20@school.mn,Амин-Эрдэнэ Хүч,student,123456
st08b21@school.mn,Энхбат Илч,student,123456
st08b22@school.mn,Билгүүн Хүч,student,123456
st08b23@school.mn,Саруул Очир,student,123456
st08b24@school.mn,Болормаа Дөл,student,123456
st08b25@school.mn,Мөнхзул Саруул,student,123456
st08c01@school.mn,Жавхлан Цолмон,student,123456
st08c02@school.mn,Гэрэлмаа Амар,student,123456
st08c03@school.mn,Цэрэннадмид Жаргал,student,123456
st08c04@school.mn,Наранчимэг Итгэл,student,123456
st08c05@school.mn,Оюун-Эрдэнэ Оюун,student,123456
st08c06@school.mn,Анударь Амар,student,123456
st08c07@school.mn,Эрдэнэсайхан Тэнгэр,student,123456
st08c08@school.mn,Марал Тэмүүлэл,student,123456
st08c09@school.mn,Мөнх-Оргил Итгэл,student,123456
st08c10@school.mn,Даваажав Хүч,student,123456
st08c11@school.mn,Даваажав Номун,student,123456
st08c12@school.mn,Бат-Эрдэнэ Сод,student,123456
st08c13@school.mn,Мишээл Чимэг,student,123456
st08c14@school.mn,Мөнх-Оргил Тэнгэр,student,123456
st08c15@school.mn,Эрдэнэчимэг Мөнх,student,123456
st08c16@school.mn,Эрдэнэчимэг Итгэл,student,123456
st08c17@school.mn,Жаргалсайхан Оргил,student,123456
st08c18@school.mn,Хулан Амар,student,123456
st08c19@school.mn,Баярмаа Хөгжил,student,123456
st08c20@school.mn,Нарангэрэл Зам,student,123456
st08c21@school.mn,Болдбаатар Илч,student,123456
st08c22@school.mn,Энх-Амгалан Эрдэм,student,123456
st08c23@school.mn,Алтансүх Дөл,student,123456
st08c24@school.mn,Одонтуяа Мөнх,student,123456
st08c25@school.mn,Пүрэвдорж Хүч,student,123456
st09a01@school.mn,Хүслэн Ган,student,123456
st09a02@school.mn,Лхагвадорж Баяр,student,123456
st09a03@school.mn,Батцэцэг Төгс,student,123456
st09a04@school.mn,Наранчимэг Сод,student,123456
st09a05@school.mn,Мөнгөнцэцэг Төгс,student,123456
st09a06@school.mn,Цэлмэг Наран,student,123456
st09a07@school.mn,Удвал Нандин,student,123456
st09a08@school.mn,Болдбаатар Жаргал,student,123456
st09a09@school.mn,Хулан Төгс,student,123456
st09a10@school.mn,Наранчимэг Уянга,student,123456
st09a11@school.mn,Гэрэлмаа Гэрэл,student,123456
st09a12@school.mn,Идэрбат Хас,student,123456
st09a13@school.mn,Эрдэнэбат Энх,student,123456
st09a14@school.mn,Эрдэнэбат Ирээдүй,student,123456
st09a15@school.mn,Эрдэнэбат Ухаан,student,123456
st09a16@school.mn,Цогтгэрэл Мөнх,student,123456
st09a17@school.mn,Сарнай Сүх,student,123456
st09a18@school.mn,Очирбат Эрдэнэ,student,123456
st09a19@school.mn,Гантулга Ган,student,123456
st09a20@school.mn,Солонго Нандин,student,123456
st09a21@school.mn,Тэмүүжин Мөнх,student,123456
st09a22@school.mn,Энэрэл Алтан,student,123456
st09a23@school.mn,Цэлмэг Оюун,student,123456
st09a24@school.mn,Нарангэрэл Эрдэм,student,123456
st09a25@school.mn,Энэрэл Цэцэг,student,123456
st09b01@school.mn,Анударь Тэмүүлэл,student,123456
st09b02@school.mn,Оюун-Эрдэнэ Тулга,student,123456
st09b03@school.mn,Тэнүүн Болд,student,123456
st09b04@school.mn,Алтансүх Хишиг,student,123456
st09b05@school.mn,Гэрэлтуяа Гэрэл,student,123456
st09b06@school.mn,Эрдэнэсайхан Хөгжил,student,123456
st09b07@school.mn,Мөнгөнцэцэг Эрдэнэ,student,123456
st09b08@school.mn,Цэрэннадмид Оюун,student,123456
st09b09@school.mn,Хишигжаргал Саруул,student,123456
st09b10@school.mn,Мөнхзул Сар,student,123456
st09b11@school.mn,Ганчимэг Түмэн,student,123456
st09b12@school.mn,Энхжин Туяа,student,123456
st09b13@school.mn,Солонго Илч,student,123456
st09b14@school.mn,Пүрэвдорж Номун,student,123456
st09b15@school.mn,Гэрэлмаа Ухаан,student,123456
st09b16@school.mn,Билгүүн Амар,student,123456
st09b17@school.mn,Анударь Сүх,student,123456
st09b18@school.mn,Ганчимэг Наран,student,123456
st09b19@school.mn,Энхбат Болд,student,123456
st09b20@school.mn,Ганчимэг Очир,student,123456
st09b21@school.mn,Батцэцэг Ган,student,123456
st09b22@school.mn,Тунгалаг Ган,student,123456
st09b23@school.mn,Жавхлан Ухаан,student,123456
st09b24@school.mn,Отгонбаяр Чимэг,student,123456
st09b25@school.mn,Батзориг Хөгжил,student,123456
st09c01@school.mn,Амаржаргал Хөгжил,student,123456
st09c02@school.mn,Сүхбат Мөнх,student,123456
st09c03@school.mn,Нямдорж Туяа,student,123456
st09c04@school.mn,Хүслэн Болд,student,123456
st09c05@school.mn,Цогтгэрэл Саруул,student,123456
st09c06@school.mn,Сүхбат Амар,student,123456
st09c07@school.mn,Номин Шинэ,student,123456
st09c08@school.mn,Энх-Амгалан Зам,student,123456
st09c09@school.mn,Золбоо Ирээдүй,student,123456
st09c10@school.mn,Тэмүүжин Төгс,student,123456
st09c11@school.mn,Идэрбат Түмэн,student,123456
st09c12@school.mn,Очирбат Итгэл,student,123456
st09c13@school.mn,Энхбат Сод,student,123456
st09c14@school.mn,Ганзориг Туяа,student,123456
st09c15@school.mn,Эрдэнэсайхан Зам,student,123456
st09c16@school.mn,Гантулга Хонгор,student,123456
st09c17@school.mn,Баярсайхан Түмэн,student,123456
st09c18@school.mn,Түмэнжаргал Амар,student,123456
st09c19@school.mn,Баярсайхан Болд,student,123456
st09c20@school.mn,Гэрэлтуяа Тэнгэр,student,123456
st09c21@school.mn,Тэнүүн Зориг,student,123456
st09c22@school.mn,Сарнай Оюун,student,123456
st09c23@school.mn,Болормаа Хонгор,student,123456
st09c24@school.mn,Энхжин Алтан,student,123456
st09c25@school.mn,Солонго Мандах,student,123456
st10a01@school.mn,Мишээл Тэмүүлэл,student,123456
st10a02@school.mn,Баярмаа Мөнх,student,123456
st10a03@school.mn,Нарангэрэл Хишиг,student,123456
st10a04@school.mn,Тэнүүн Дөл,student,123456
st10a05@school.mn,Золбоо Нандин,student,123456
st10a06@school.mn,Золбоо Уянга,student,123456
st10a07@school.mn,Энхтүвшин Хонгор,student,123456
st10a08@school.mn,Саруул Отгон,student,123456
st10a09@school.mn,Баярмаа Цолмон,student,123456
st10a10@school.mn,Золбоо Саруул,student,123456
st10a11@school.mn,Сүхбат Цолмон,student,123456
st10a12@school.mn,Батцэцэг Цолмон,student,123456
st10a13@school.mn,Тунгалаг Саруул,student,123456
st10a14@school.mn,Батцэцэг Бат,student,123456
st10a15@school.mn,Отгонжаргал Гэрэл,student,123456
st10a16@school.mn,Тунгалаг Эрдэм,student,123456
st10a17@school.mn,Цэрэннадмид Сод,student,123456
st10a18@school.mn,Отгонбаяр Ган,student,123456
st10a19@school.mn,Тэмүүжин Хонгор,student,123456
st10a20@school.mn,Одонтуяа Алтан,student,123456
st10a21@school.mn,Мөнх-Оргил Очир,student,123456
st10a22@school.mn,Баярсайхан Мөнгөн,student,123456
st10a23@school.mn,Энэрэл Нандин,student,123456
st10a24@school.mn,Тэнүүн Отгон,student,123456
st10a25@school.mn,Золбоо Хөгжил,student,123456
st10b01@school.mn,Нямдорж Шинэ,student,123456
st10b02@school.mn,Саруул Алтан,student,123456
st10b03@school.mn,Мөнх-Оргил Төгс,student,123456
st10b04@school.mn,Хулан Оюун,student,123456
st10b05@school.mn,Хүслэн Алтан,student,123456
st10b06@school.mn,Отгонбаяр Тулга,student,123456
st10b07@school.mn,Хонгорзул Сар,student,123456
st10b08@school.mn,Цэрэннадмид Зам,student,123456
st10b09@school.mn,Пүрэвдорж Чимэг,student,123456
st10b10@school.mn,Түмэнжаргал Хүч,student,123456
st10b11@school.mn,Идэрбат Ирээдүй,student,123456
st10b12@school.mn,Сарнай Эрдэм,student,123456
st10b13@school.mn,Хулан Ирээдүй,student,123456
st10b14@school.mn,Хонгорзул Туяа,student,123456
st10b15@school.mn,Амаржаргал Номун,student,123456
st10b16@school.mn,Жаргалсайхан Бат,student,123456
st10b17@school.mn,Билгүүн Түмэн,student,123456
st10b18@school.mn,Урангоо Ухаан,student,123456
st10b19@school.mn,Гантулга Эрдэм,student,123456
st10b20@school.mn,Баярмаа Сар,student,123456
st10b21@school.mn,Хулан Хүч,student,123456
st10b22@school.mn,Төгөлдөр Хүч,student,123456
st10b23@school.mn,Жаргалсайхан Туяа,student,123456
st10b24@school.mn,Бат-Эрдэнэ Сар,student,123456
st10b25@school.mn,Шинэцэцэг Зориг,student,123456
st10c01@school.mn,Энэрэл Тулга,student,123456
st10c02@school.mn,Одонтуяа Баяр,student,123456
st10c03@school.mn,Мөнхзул Хөгжил,student,123456
st10c04@school.mn,Эрдэнэсайхан Итгэл,student,123456
st10c05@school.mn,Цэлмэг Тэмүүлэл,student,123456
st10c06@school.mn,Болдбаатар Тулга,student,123456
st10c07@school.mn,Мөнхзул Отгон,student,123456
st10c08@school.mn,Төгөлдөр Гэрэл,student,123456
st10c09@school.mn,Цогтгэрэл Тулга,student,123456
st10c10@school.mn,Удвал Цолмон,student,123456
st10c11@school.mn,Цэлмэг Ган,student,123456
st10c12@school.mn,Төгөлдөр Энх,student,123456
st10c13@school.mn,Батзориг Түмэн,student,123456
st10c14@school.mn,Энхтүвшин Отгон,student,123456
st10c15@school.mn,Баярсайхан Хөгжил,student,123456
st10c16@school.mn,Мөнхзул Номун,student,123456
st10c17@school.mn,Цогтгэрэл Отгон,student,123456
st10c18@school.mn,Одонтуяа Очир,student,123456
st10c19@school.mn,Хишигжаргал Уянга,student,123456
st10c20@school.mn,Энэрэл Отгон,student,123456
st10c21@school.mn,Оюун-Эрдэнэ Шинэ,student,123456
st10c22@school.mn,Нямдорж Нандин,student,123456
st10c23@school.mn,Баярсайхан Эрдэм,student,123456
st10c24@school.mn,Номин Ухаан,student,123456
st10c25@school.mn,Эрдэнэбат Мөнх,student,123456
st11a01@school.mn,Мөнх-Оргил Хүч,student,123456
st11a02@school.mn,Түмэнжаргал Итгэл,student,123456
st11a03@school.mn,Цэлмэг Мандах,student,123456
st11a04@school.mn,Ганзориг Тэмүү,student,123456
st11a05@school.mn,Тэмүүжин Болд,student,123456
st11a06@school.mn,Эрдэнэсайхан Тэмүүлэл,student,123456
st11a07@school.mn,Анударь Тэнгэр,student,123456
st11a08@school.mn,Сүхбат Итгэл,student,123456
st11a09@school.mn,Мөнхзул Зам,student,123456
st11a10@school.mn,Мөнгөнцэцэг Отгон,student,123456
st11a11@school.mn,Тэмүүжин Тэмүүлэл,student,123456
st11a12@school.mn,Наранчимэг Отгон,student,123456
st11a13@school.mn,Цэрэннадмид Ирээдүй,student,123456
st11a14@school.mn,Бат-Эрдэнэ Түмэн,student,123456
st11a15@school.mn,Батцэцэг Оргил,student,123456
st11a16@school.mn,Наранчимэг Чимэг,student,123456
st11a17@school.mn,Бат-Эрдэнэ Төгс,student,123456
st11a18@school.mn,Цэрэннадмид Амар,student,123456
st11a19@school.mn,Ганчимэг Хас,student,123456
st11a20@school.mn,Жавхлан Итгэл,student,123456
st11a21@school.mn,Саруул Уянга,student,123456
st11a22@school.mn,Дөлгөөн Уянга,student,123456
st11a23@school.mn,Болдбаатар Итгэл,student,123456
st11a24@school.mn,Мөнгөнцэцэг Тулга,student,123456
st11a25@school.mn,Тэмүүлэн Дөл,student,123456
st11b01@school.mn,Жавхлан Сар,student,123456
st11b02@school.mn,Хонгорзул Чимэг,student,123456
st11b03@school.mn,Мөнгөнцэцэг Оюун,student,123456
st11b04@school.mn,Түмэнжаргал Сод,student,123456
st11b05@school.mn,Ганчимэг Гэрэл,student,123456
st11b06@school.mn,Билгүүн Нандин,student,123456
st11b07@school.mn,Төгөлдөр Мандах,student,123456
st11b08@school.mn,Мөнхзул Дөл,student,123456
st11b09@school.mn,Алтансүх Мөнгөн,student,123456
st11b10@school.mn,Хулан Мандах,student,123456
st11b11@school.mn,Сарнай Нандин,student,123456
st11b12@school.mn,Эрдэнэчимэг Түмэн,student,123456
st11b13@school.mn,Ганзориг Сар,student,123456
st11b14@school.mn,Дөлгөөн Жаргал,student,123456
st11b15@school.mn,Удвал Зам,student,123456
st11b16@school.mn,Цэрэннадмид Илч,student,123456
st11b17@school.mn,Анударь Очир,student,123456
st11b18@school.mn,Эрдэнэсайхан Сүх,student,123456
st11b19@school.mn,Түмэнжаргал Болд,student,123456
st11b20@school.mn,Сарнай Болд,student,123456
st11b21@school.mn,Энхтүвшин Жаргал,student,123456
st11b22@school.mn,Түмэнжаргал Оргил,student,123456
st11b23@school.mn,Пүрэвдорж Зам,student,123456
st11b24@school.mn,Пүрэвдорж Бат,student,123456
st11b25@school.mn,Энхтүвшин Сод,student,123456
st11c01@school.mn,Даваажав Цэцэг,student,123456
st11c02@school.mn,Жаргалсайхан Ирээдүй,student,123456
st11c03@school.mn,Удвал Бат,student,123456
st11c04@school.mn,Баярсайхан Цэцэг,student,123456
st11c05@school.mn,Батзориг Очир,student,123456
st11c06@school.mn,Амаржаргал Туяа,student,123456
st11c07@school.mn,Энхтүвшин Номун,student,123456
st11c08@school.mn,Наранчимэг Бат,student,123456
st11c09@school.mn,Энэрэл Төгс,student,123456
st11c10@school.mn,Мөнгөнцэцэг Тэнгэр,student,123456
st11c11@school.mn,Хонгорзул Ган,student,123456
st11c12@school.mn,Урангоо Сар,student,123456
st11c13@school.mn,Сарнай Номун,student,123456
st11c14@school.mn,Мөнхзул Шинэ,student,123456
st11c15@school.mn,Мөнхзул Хас,student,123456
st11c16@school.mn,Ганзориг Оюун,student,123456
st11c17@school.mn,Золбоо Шинэ,student,123456
st11c18@school.mn,Сүхбат Отгон,student,123456
st11c19@school.mn,Баярсайхан Хас,student,123456
st11c20@school.mn,Тэмүүжин Цолмон,student,123456
st11c21@school.mn,Батцэцэг Баяр,student,123456
st11c22@school.mn,Нарангэрэл Сод,student,123456
st11c23@school.mn,Уянга Сод,student,123456
st11c24@school.mn,Уянга Ган,student,123456
st11c25@school.mn,Пүрэвдорж Гэрэл,student,123456
st12a01@school.mn,Цогтгэрэл Мандах,student,123456
st12a02@school.mn,Энхжин Хишиг,student,123456
st12a03@school.mn,Пүрэвдорж Энх,student,123456
st12a04@school.mn,Шинэцэцэг Хишиг,student,123456
st12a05@school.mn,Пүрэвдорж Хонгор,student,123456
st12a06@school.mn,Номин Жаргал,student,123456
st12a07@school.mn,Гэрэлмаа Төгс,student,123456
st12a08@school.mn,Ганчимэг Тэмүүлэл,student,123456
st12a09@school.mn,Цэлмэг Мөнгөн,student,123456
st12a10@school.mn,Нандин Цэцэг,student,123456
st12a11@school.mn,Анударь Цэцэг,student,123456
st12a12@school.mn,Хонгорзул Мандах,student,123456
st12a13@school.mn,Даваажав Ган,student,123456
st12a14@school.mn,Анударь Ган,student,123456
st12a15@school.mn,Гэрэлтуяа Цолмон,student,123456
st12a16@school.mn,Даваажав Мөнх,student,123456
st12a17@school.mn,Идэрбат Мөнх,student,123456
st12a18@school.mn,Хүслэн Хонгор,student,123456
st12a19@school.mn,Энхжин Тэмүүлэл,student,123456
st12a20@school.mn,Пүрэвдорж Тулга,student,123456
st12a21@school.mn,Шинэцэцэг Саруул,student,123456
st12a22@school.mn,Энхбат Дөл,student,123456
st12a23@school.mn,Эрдэнэсайхан Зориг,student,123456
st12a24@school.mn,Төгөлдөр Оюун,student,123456
st12a25@school.mn,Батцэцэг Энх,student,123456
st12b01@school.mn,Ганзориг Мөнх,student,123456
st12b02@school.mn,Нандин Номун,student,123456
st12b03@school.mn,Гантулга Төгс,student,123456
st12b04@school.mn,Амин-Эрдэнэ Нандин,student,123456
st12b05@school.mn,Болдбаатар Хөгжил,student,123456
st12b06@school.mn,Хишигжаргал Очир,student,123456
st12b07@school.mn,Тэмүүлэн Тэнгэр,student,123456
st12b08@school.mn,Удвал Наран,student,123456
st12b09@school.mn,Билгүүн Мөнх,student,123456
st12b10@school.mn,Солонго Шинэ,student,123456
st12b11@school.mn,Баярсайхан Төгс,student,123456
st12b12@school.mn,Баярсайхан Алтан,student,123456
st12b13@school.mn,Марал Итгэл,student,123456
st12b14@school.mn,Билгүүн Ухаан,student,123456
st12b15@school.mn,Ганзориг Тэмүүлэл,student,123456
st12b16@school.mn,Жавхлан Тайван,student,123456
st12b17@school.mn,Жаргалсайхан Тэнгэр,student,123456
st12b18@school.mn,Наранчимэг Ирээдүй,student,123456
st12b19@school.mn,Номин Наран,student,123456
st12b20@school.mn,Хишигжаргал Тэнгэр,student,123456
st12b21@school.mn,Гэрэлмаа Нандин,student,123456
st12b22@school.mn,Нарангэрэл Чимэг,student,123456
st12b23@school.mn,Хонгорзул Итгэл,student,123456
st12b24@school.mn,Бат-Эрдэнэ Бат,student,123456
st12b25@school.mn,Болормаа Мөнгөн,student,123456
st12c01@school.mn,Тэмүүлэн Гэрэл,student,123456
st12c02@school.mn,Хишигжаргал Хишиг,student,123456
st12c03@school.mn,Дөлгөөн Зориг,student,123456
st12c04@school.mn,Нарангэрэл Илч,student,123456
st12c05@school.mn,Мөнх-Оргил Гэрэл,student,123456
st12c06@school.mn,Цэрэннадмид Тэнгэр,student,123456
st12c07@school.mn,Жавхлан Тэнгэр,student,123456
st12c08@school.mn,Энэрэл Ган,student,123456
st12c09@school.mn,Мөнгөнцэцэг Ирээдүй,student,123456
st12c10@school.mn,Нарангэрэл Төгс,student,123456
st12c11@school.mn,Оюун-Эрдэнэ Хонгор,student,123456
st12c12@school.mn,Хишигжаргал Тэмүүлэл,student,123456
st12c13@school.mn,Түмэнжаргал Оюун,student,123456
st12c14@school.mn,Энхбат Тэмүүлэл,student,123456
st12c15@school.mn,Идэрбат Мөнгөн,student,123456
st12c16@school.mn,Эрдэнэсайхан Хас,student,123456
st12c17@school.mn,Пүрэвдорж Жаргал,student,123456
st12c18@school.mn,Гантулга Сод,student,123456
st12c19@school.mn,Солонго Хонгор,student,123456
st12c20@school.mn,Энх-Амгалан Мөнх,student,123456
st12c21@school.mn,Хишигжаргал Ухаан,student,123456
st12c22@school.mn,Урангоо Дөл,student,123456
st12c23@school.mn,Гэрэлмаа Илч,student,123456
st12c24@school.mn,Шинэцэцэг Туяа,student,123456
st12c25@school.mn,Ганчимэг Сүх,student,123456
suragch@gmail.com,Нандин Илч,student,123456
